track_id,rank,track_name,artist_names,album_name,album_id,popularity,duration,explicit,release_date,album_type,copies
3aSWXU6owkZeVhh94XxEWO,90,30 For 30 (with Kendrick Lamar),SZA|Kendrick Lamar,SOS Deluxe: LANA,3VQkNrG74QPY4rHBPoyZYZ,89.0,4:38,1.0,2024-12-20,album,2.0
5Z75FvRFiultmPFWHx5jQ7,47,7 Dias,Gabito Ballesteros|Tito Double P,7 Dias,5BoeqKVMi7D4S6U38rWjS4,90.0,3:00,1.0,2025-01-30,single,3.0
0FDzzruyVECATHXKHFs9eJ,84,A Sky Full of Stars,Coldplay,Ghost Stories,2G4AUqfwxcV1UdQjm2ouYr,89.0,4:27,0.0,2014-05-16,album,861.0
3FjK86616FbluOfTxNK2gY,67,ANXIETY (feat. Doechii),Sleepy Hallow|Doechii,Boy Meets World,2Qq4N5lYtsZspF2QFLKcbY,89.0,2:28,1.0,2023-09-15,album,1.0
5vNRhkKd0yEAg8suGBpjeY,8,APT.,ROSÉ|Bruno Mars,APT.,2IYQwwgxgOIn7t3iF6ufFD,95.0,2:49,0.0,2024-10-18,single,1160.0
5ZLUm9eab8y3tqQ1OhQSHI,17,Abracadabra,Lady Gaga,Abracadabra,2I6LyArz82waG94e9V5B9d,93.0,3:43,0.0,2025-02-03,single,
3GCdLUSnKSMJhs4Tj6CV3s,9,All The Stars (with SZA),Kendrick Lamar|SZA,Black Panther The Album Music From And Inspired By,3pLdWdkj83EYfDN6H2N8MR,95.0,3:52,1.0,2018-02-09,album,26.0
1musbempyJAw5gfSKZHXP9,29,Anxiety,Doechii,Anxiety,706mYHElAsR2MfcehZt2PA,92.0,4:09,1.0,2025-03-05,single,7.0
2lTm559tuIvatlT1u0JYG2,5,BAILE INoLVIDABLE,Bad Bunny,DeBÍ TiRAR MáS FOToS,5K79FLRUCSysQnVESLcTdb,96.0,6:07,1.0,2025-01-05,album,
6dOtVTDdiauQNBQEDOtlAB,3,BIRDS OF A FEATHER,Billie Eilish,HIT ME HARD AND SOFT,7aJuG4TFXa2hmE4z1yxc3n,98.0,3:30,0.0,2024-05-17,album,7.0
3U3hFkMr0Q90pD24EkE3Pr,89,BMF,SZA,SOS Deluxe: LANA,3VQkNrG74QPY4rHBPoyZYZ,89.0,3:00,1.0,2024-12-20,album,2.0
3xkHsmpQCBMytMJNiDf3Ii,32,Beautiful Things,Benson Boone,Fireworks & Rollerblades,168CdR21lfn0TTyw1Pkdcm,91.0,3:00,0.0,2024-04-05,album,2029.0
0VjIjW4GlUZAMYd2vXMi3b,73,Blinding Lights,The Weeknd,After Hours,4yP0hdKOZPNshxUOjY0cZj,89.0,3:20,0.0,2020-03-20,album,477.0
0b0Dz0Gi86SVdBxYeiQcCP,39,Busy Woman,Sabrina Carpenter,Short n' Sweet (Deluxe),3WzBIQmn2hrulLeTY9smkk,91.0,3:06,1.0,2025-02-14,album,
7BRD7x5pt8Lqa1eGYC4dzj,62,CHIHIRO,Billie Eilish,HIT ME HARD AND SOFT,7aJuG4TFXa2hmE4z1yxc3n,90.0,5:03,0.0,2024-05-17,album,1.0
0zirWZTcXBBwGsevrsIpvT,4,Clean Baby Sleep White Noise (Loopable),Dream Supplier|Baby Sleeps|Background White Noise,Best White Noise For Sleeping Baby,0NGHR9zjS5eFFlqtClA9VV,97.0,2:22,0.0,2020-04-29,single,2.0
70LcF31zb1H0PyJoS1Sx1r,76,Creep,Radiohead,Pablo Honey,3gBVdu4a1MMJVMy6vwPEb8,89.0,3:58,1.0,1993-02-22,album,36.0
1BxfuPKGuaTgP7aM0Bbdwr,94,Cruel Summer,Taylor Swift,Lover,1NAmidJlEaVgA3MpcPFYGq,89.0,2:58,0.0,2019-08-23,album,10.0
3AWDeHLc88XogCaCnZQLVI,58,Cry For Me,The Weeknd,Hurry Up Tomorrow,3OxfaVgvTxUTy7276t7SPU,90.0,3:44,1.0,2025-01-31,album,
1eTaznNW4Xxtx9za2SMTXB,28,DENIAL IS A RIVER,Doechii,Alligator Bites Never Heal,60UzB8mOCMpc7xkuJE6Bwc,92.0,2:39,1.0,2024-08-30,album,20.0
5lKFO0PrOC9jmOlPEdjHsL,71,DOS DÍAS,Tito Double P|Peso Pluma,INCÓMODO,27GWSFRITD8JJcSGMgEfTN,89.0,2:33,1.0,2024-08-22,album,2.0
7EW7Yivb93qKAtp5qEm5of,74,Dark Thoughts,Lil Tecca,Dark Thoughts,7BnNV4WZAG7rFqUeMHRdUP,89.0,2:16,1.0,2025-03-14,single,
2plbrEY59IikOBgBGLjaoe,1,Die With A Smile,Lady Gaga|Bruno Mars,Die With A Smile,10FLjwfpbxLmW8c25Xyc2N,100.0,4:11,0.0,2024-08-16,single,9.0
3sK8wGT43QFpWrvNQsrQya,2,DtMF,Bad Bunny,DeBÍ TiRAR MáS FOToS,5K79FLRUCSysQnVESLcTdb,98.0,3:57,1.0,2025-01-05,album,3.0
6iycYUk3oB0NPMdaDUrN1w,30,EVIL J0RDAN,Playboi Carti,MUSIC,0fSfkmx0tdPqFYkJuNX74a,92.0,3:03,1.0,2025-03-14,album,2.0
3qhlB30KknSejmIvZZLjOD,54,End of Beginning,Djo,DECIDE,4JDXBZdRPId4devseaAOKH,90.0,2:39,0.0,2022-09-16,album,5.0
6J5kc12BW5HuP3d7C3vvx8,18,EoO,Bad Bunny,,5K79FLRUCSysQnVESLcTdb,93.0,3:24,1.0,2025-01-05,album,1.0
2HRqTpkrJO5ggZyyK6NPWz,61,Espresso,Sabrina Carpenter,Short n' Sweet,3iPSVi54hsacKKl1xIR2eH,90.0,2:55,1.0,2024-08-23,album,92.0
1JSTJqkT5qHq8MDJnJbRE1,51,Every Breath You Take,The Police,Synchronicity (Remastered 2003),5W9OT0a5iZlBr83a9WMKFY,90.0,4:13,0.0,1983-06-17,album,288.0
0WbMK4wrZ1wFSty9F7FCgu,16,"Good Luck, Babe!",Chappell Roan,"Good Luck, Babe!",1WAjjRMfZjEXtB0lQrAw6Q,94.0,3:38,0.0,2024-04-05,single,83.0
7KXjTSCq5nL1LoYtL7XAwS,80,HUMBLE.,Kendrick Lamar,DAMN.,4eLPsYPBmXABThSJ821sqY,89.0,2:57,1.0,2017-04-14,album,
63Pi2NAx5yCgeLhCTOrEou,91,Headlock,Imogen Heap,Speak for Yourself (Deluxe Version),5DuihGAcuJdwyktx3EmncM,89.0,3:35,,2005,album,8.0
51rfRCiUSvxXlCSCfIztBy,60,"I Love You, I'm Sorry",Gracie Abrams,The Secret of Us,56bdWeO40o3WfAD2Lja4dl,90.0,2:37,1.0,2024-06-21,album,4.0
5XeFesFbtLpXzIVDNQP22n,26,I Wanna Be Yours,Arctic Monkeys,AM,78bpIziExqiI9qztvNFlQu,92.0,3:03,0.0,2013-09-09,album,4.0
6Qyc6fS4DsZjB2mRW9DsQs,33,Iris,The Goo Goo Dolls,Dizzy up the Girl,4UMjBXcRqIgMZ1XumU2x5T,91.0,4:49,0.0,1998,album,33.0
7BqBn9nzAq8spo5e7cZ0dJ,97,Just the Way You Are,Bruno Mars,Doo-Wops & Hooligans,1uyf3l2d4XYwiEqAb7t7fX,,3:40,0.0,2010-05-11,album,1340.0
4MUrUT38U98olfnyzMBCzm,55,KLOuFRENS,Bad Bunny,DeBÍ TiRAR MáS FOToS,5K79FLRUCSysQnVESLcTdb,90.0,3:19,,2025-01-05,album,1.0
1YYfyJ2yCvGFCxwjsIqEK9,87,Khé?,Rauw Alejandro|Romeo Santos,Cosa Nuestra,0aX0UXrHG2ceYIxTQcqJdA,89.0,3:26,0.0,2024-11-15,album,
7bywjHOc0wSjGGbj04XbVi,72,LUNA,Feid|ATL Jacob,FERXXOCALIPSIS,0lgs2Sa82lyX89nBUWyUy6,89.0,3:16,0.0,2023-12-01,album,30.0
6iOndD4OFo7GkaDypWQIou,98,La Plena - W Sound 05,W Sound|Beéle|Ovy On The Drums,La Plena (W Sound 05),4Xdo78uvvt1P7rWRX8TOPt,88.0,2:30,1.0,2025-02-19,single,396.0
6jbYpRPTEFl1HFKHk1IC0m,40,Like Him (feat. Lola Young),"Tyler, The Creator|Lola Young",CHROMAKOPIA,0U28P0QVB1QRxpqp5IHOlH,91.0,4:38,1.0,2024-10-28,album,1.0
3w3y8KPTfNeOKPiqUTakBh,45,Locked out of Heaven,Bruno Mars,Unorthodox Jukebox,58ufpQsJ1DS5kq4hhzQDiI,90.0,3:53,0.0,2012-12-07,album,1165.0
,88,Loco,Neton Vega,Loco,1vNUD9sUBRHFFQiwYZm232,89.0,3:06,0.0,2024-12-20,single,2.0
17phhZDn6oGtzMe56NuWvj,41,Lose Control,Teddy Swims,I've Tried Everything But Therapy (Part 1),7nacKlk586eLRBSIsrk9DB,91.0,3:30,0.0,2023-09-15,album,2206.0
3t72JCbFJ3syOhFC7x9Pa4,99,M&M,Neton Vega,Mi Vida Mi Muerte,338NDGMHtB4t5mp8RhMnh3,88.0,2:46,0.0,2025-02-14,album,1.0
,31,ME JALO,Fuerza Regida|Grupo Frontera,MALA MÍA,5utxE1ImIDJFXRHf137hoy,91.0,3:32,1.0,2024-12-19,single,
3SKH53SPQbEnZR4cJPVaz2,43,Messy,Lola Young,Messy,2QWd1BsO7J0zLwxhsKl3zh,91.0,4:44,1.0,2024-05-30,single,62.0
,69,Morena,Neton Vega|Peso Pluma,Mi Vida Mi Muerte,338NDGMHtB4t5mp8RhMnh3,89.0,3:13,0.0,2025-02-14,album,1.0
7sd6zMrgGpEa7NkQm9TRrg,63,NADIE,Tito Double P,NADIE,2op3VYOlPBj8PhFxLEQ0Ol,89.0,3:17,1.0,2024-11-21,single,
2u9S9JJ6hTZS3Vf22HOZKg,38,NOKIA,Drake,$ome $exy $ongs 4 U,6Rl6YoCarF2GHPSQmmFjuR,91.0,4:01,1.0,2025-02-14,album,1.0
5TFD2bmFKGhoCRbX61nXY5,14,NUEVAYoL,Bad Bunny,,5K79FLRUCSysQnVESLcTdb,94.0,3:03,0.0,2025-01-05,album,1.0
5O2P9iiztwhomNh8xkR9lJ,81,Night Changes,One Direction,FOUR (Deluxe),4gCNyS7pidfK3rKWhB3JOY,89.0,3:46,0.0,2014-11-17,album,
3siwsiaEoU4Kuuc9WKMUy5,53,No One Noticed,The Marías,Submarine,03guxdOi12XJbnvxvxbpwG,90.0,3:56,0.0,2024-05-31,album,299.0
0eaVIYo2zeOaGJeqZ5TwYz,86,No Pole,Don Toliver,Love Sick (Deluxe),2Q2TRdT994vTzGE3Grmmht,89.0,3:07,1.0,2023-02-28,album,182.0
5TTGoX70AFrTvuEtqHK37S,79,No. 1 Party Anthem,Arctic Monkeys,AM,78bpIziExqiI9qztvNFlQu,89.0,4:03,0.0,2013-09-09,album,4.0
6AI3ezQ4o3HUoP6Dhudph3,6,Not Like Us,Kendrick Lamar,Not Like Us,5JjnoGJyOxfSZUZtk2rRwZ,,4:34,1.0,2024-05-04,single,2.0
7CyPwkp0oE8Ro9Dd5CUDjW,23,"One Of The Girls (with JENNIE, Lily Rose Depp)",The Weeknd|JENNIE|Lily-Rose Depp,The Idol Episode 4 (Music from the HBO Original Series),7tzVd1fwkxsorytCBjEJkU,92.0,4:04,0.0,2023-06-23,single,35.0
6qqrTXSdwiJaq8SO0X2lSe,15,Ordinary,Alex Warren,Ordinary,6xomx5ekO7qHDvDh57rZ5S,94.0,3:06,0.0,2025-02-07,single,738.0
0tgVpDi06FyKpA1z0VMD4v,82,Perfect,Ed Sheeran,÷ (Deluxe),3T4tUhGYeRNVUGevb0wThu,,4:23,0.0,2017-03-03,album,
5jHozZMWbrExAFni95mvvH,70,Por Esos Ojos,Fuerza Regida,Por Esos Ojos,3ZaYiXwSEqq5iZ6xt8RAwp,89.0,3:08,1.0,2025-02-11,single,3.0
4OLT65TRsOx3Iv1TlCcQVb,96,Presidente,Gabito Ballesteros|Natanael Cano|Luis R Conriquez|Neton Vega,Presidente,0xyBpeAAr8E86J7GH1SNUR,88.0,3:01,1.0,2024-10-21,single,3.0
0l0vcZMU7AOeQmUIREoI2U,52,Qué Pasaría...,Rauw Alejandro|Bad Bunny,Cosa Nuestra,0aX0UXrHG2ceYIxTQcqJdA,90.0,3:11,1.0,2024-11-15,album,2.0
68qeaZhtMZ6abrJCYt6nQn,44,RATHER LIE (with The Weeknd),Playboi Carti|The Weeknd,MUSIC,0fSfkmx0tdPqFYkJuNX74a,91.0,3:29,1.0,2025-03-14,album,2.0
0LTwdL5yZ6YOTEGUQPFuSN,46,ROSONES,Tito Double P,ROSONES,5cQfpT5TqmekHpZqYDcGTL,90.0,2:57,1.0,2024-12-05,single,1.0
541sN2qNfIlllGn9nGOQoC,59,Revolving door,Tate McRae,So Close To What,3w32SV56JvtJXsrYtThwzP,90.0,3:00,1.0,2025-02-21,album,
2262bWmqomIaJXwCRHr13j,10,Sailor Song,Gigi Perez,Sailor Song,68CN2LzY8MoxO2udy2C22e,95.0,3:31,0.0,2024-07-26,single,
7KA4W4McWYRpgf0fWsJZWB,36,See You Again (feat. Kali Uchis),"Tyler, The Creator|Kali Uchis",Flower Boy,2nkto6YNI4rUYTLqEwWJ3o,91.0,3:00,1.0,2017-07-21,album,1.0
7qiZfU4dY1lWllzX7mPBI3,83,Shape of You,Ed Sheeran,÷ (Deluxe),3T4tUhGYeRNVUGevb0wThu,89.0,3:53,0.0,2017-03-03,album,872.0
5ITV0zqzjOYfFWpW0xBmRa,92,Show Me Love,WizTheMc|bees & honey,Show Me Love,4gyYKUIAOEcP50RM1Sjzj6,89.0,2:56,0.0,2025-02-07,single,4.0
6WatFBLVB0x077xWeoVc2k,25,Si Antes Te Hubiera Conocido,KAROL G,Si Antes Te Hubiera Conocido,5ylbxH7EqpsmHZCRuiYewS,92.0,3:15,0.0,2024-06-21,single,30.0
4iZ4pt7kvcaH6Yo8UoZ4s2,93,Snooze,SZA,SOS,07w0rG5TETcyihsEIZR3qG,89.0,3:21,1.0,2022-12-09,album,4.0
6RUKPb4LETWmmr3iAEQktW,75,Something Just Like This,The Chainsmokers|Coldplay,Memories...Do Not Open,4JPguzRps3kuWDD5GS6oXr,89.0,4:07,0.0,2017-04-07,album,41.0
7MXVkk9YMctZqd1Srtv4MB,78,Starboy,The Weeknd|Daft Punk,Starboy,2ODvWsOgouMbaA5xf0RkJe,89.0,3:50,1.0,2016-11-25,album,249.0
2QjOHCTQ1Jl3zawyYOpxh6,35,Sweater Weather,The Neighbourhood,I Love You.,4xkM0BwLM9H2IUcbYzpcBI,91.0,4:00,0.0,2013-04-22,album,58.0
3KgHiAVuP88QoQs9CO4z1P,48,TATTOO,Tito Double P,TATTOO,5EHzsQEXpu7Q5UbBeFATnE,90.0,2:47,1.0,2025-02-27,single,1.0
5G2f63n7IPVPPjfNIGih7Q,42,Taste,Sabrina Carpenter,,3iPSVi54hsacKKl1xIR2eH,91.0,2:37,0.0,2024-08-23,album,43.0
78HEzDEs1QUnHB2DbxgC1s,24,Te Quería Ver,Alemán|Neton Vega,Te Quería Ver,3PgvJGHxtoablFQjDI2pQF,92.0,2:56,0.0,2025-01-31,single,7.0
0KKkJNfGyhkQ5aFogxQAPU,85,That's What I Like,Bruno Mars,24K Magic,4PgleR09JVnm3zY1fW3XBA,89.0,3:26,0.0,2016-11-17,album,546.0
7ne4VBA60CxGM75vw0EYad,7,That’s So True,Gracie Abrams,The Secret of Us (Deluxe),0hBRqPYPXhr1RkTDG3n4Mk,96.0,2:46,1.0,2024-10-18,album,
2FAZskT9yRjp2Oow9szJD8,57,The Days - NOTION Remix,Chrystal|NOTION,The Days (NOTION Remix),15gT6ikjvzrlIxQ5eTpqLJ,90.0,3:53,0.0,2024-11-08,single,19.0
5xHgo5JN0wfsV41HnRaos5,95,The Giver,Chappell Roan,The Giver,7GicDmV1udDFss8K0QY1v1,89.0,3:22,0.0,2025-03-13,single,2.0
3hRV0jL3vUpRrcy398teAU,50,The Night We Met,Lord Huron,Strange Trails,4sD1qg4jwTZR4mvR4Iflk5,,3:28,0.0,2015-04-06,album,20.0
75JFxkI2RXiU7L9VXzMkle,77,The Scientist,Coldplay,A Rush of Blood to the Head,0RHX9XECH8IVI3LNgWDpmQ,89.0,5:09,,2002-08-27,album,833.0
0FIDCNYYjNvPVimz5icugS,21,Timeless (feat Playboi Carti),The Weeknd|Playboi Carti,,3OxfaVgvTxUTy7276t7SPU,93.0,4:16,1.0,2025-01-31,album,4.0
1cOboCuWYI2osTOfolMRS6,66,Tu Boda,Oscar Maydon|Fuerza Regida,Tu Boda,60cQzWfmdg4hyDXrpW6kOA,89.0,3:45,,2024-09-26,single,2.0
59D4DOkspUbWyMmbAPQkxZ,20,VOY A LLeVARTE PA PR,Bad Bunny,DeBÍ TiRAR MáS FOToS,5K79FLRUCSysQnVESLcTdb,93.0,2:36,1.0,2025-01-05,album,1.0
7d6yK8v8J484SWH5prIQiE,19,VeLDÁ,Bad Bunny|Omar Courtz|Dei V,DeBÍ TiRAR MáS FOToS,5K79FLRUCSysQnVESLcTdb,93.0,3:55,1.0,2025-01-05,album,
5WEF0icHWmAZBBMglBd599,56,WELTiTA,Bad Bunny|Chuwi,DeBÍ TiRAR MáS FOToS,5K79FLRUCSysQnVESLcTdb,90.0,3:07,0.0,2025-01-05,album,1.0
3QaPy1KgI7nu9FJEQUgn6h,11,WILDFLOWER,Billie Eilish,,7aJuG4TFXa2hmE4z1yxc3n,95.0,4:21,0.0,2024-05-17,album,4.0
0nJW01T7XtvILxQgC5J7Wh,64,When I Was Your Man,Bruno Mars,Unorthodox Jukebox,58ufpQsJ1DS5kq4hhzQDiI,,3:33,0.0,2012-12-07,album,738.0
7tI8dRuH2Yc6RuoTjxo4dU,68,Who,Jimin,MUSE,15XcLhiVMlSOipUddTNDnr,,2:50,0.0,2024-07-19,album,4.0
3AJwUDP919kvQ9QcozQPxg,34,Yellow,Coldplay,Parachutes,6ZG5lRT77aJ3btmArcykra,91.0,4:26,0.0,2000-07-10,album,1549.0
3be9ACTxtcL6Zm4vJRUiPG,27,blue,yung kai,blue,5aelly3dAJd7yZlgUHpLBw,92.0,3:34,0.0,2024-08-02,single,3.0
4DnrAI8WyUY6gkOwl8GlPN,100,capaz (merengueton),Alleh|Yorghaki,LA CIUDAD,0sWJ3v0FROzcNzyjNYUs6t,,2:53,0.0,2024-12-24,album,2.0
3rUGC1vUpkDG9CZFHMur1t,65,greedy,Tate McRae,greedy,3UOV8XvCwMKaATRNXrYCjN,89.0,2:11,,2023-09-15,single,10.0
0fK7ie6XwGxQTIkpFoWkd1,22,like JENNIE,JENNIE,Ruby,1vWMw6pu3err6qqZzI3RhH,93.0,2:03,1.0,2025-03-07,album,5.0
2CGNAOSuO1MEFCbBRgUzjd,12,luther (with sza),Kendrick Lamar|SZA,GNX,1Ss0ArMRr91m83mOgRBjSZ,94.0,2:57,0.0,2024-11-21,album,2.0
7ricDBUakN3N0YkkKE8Obu,49,mi refe,Beéle|Ovy On The Drums,Mi Refe,78NyvN1k9wNAf3NyZlxtxM,90.0,2:39,0.0,2024-12-05,single,3.0
0nj9Bq5sHDiTxSHunhgkFb,37,squabble up,Kendrick Lamar,GNX,0hvT3yIEysuuvkK73vgdcW,91.0,2:37,1.0,2024-11-22,album,1.0
0aB0v4027ukVziUGwVGYpG,13,tv off (feat. lefty gunplay),Kendrick Lamar|Lefty Gunplay,GNX,0hvT3yIEysuuvkK73vgdcW,94.0,3:40,1.0,2024-11-22,album,1.0
